{
    "X0_mu_log__": 27.851204194254315,
    "F_offset_log__": [
        29.158214404216118,
        29.232692844742836,
        29.284756684188196,
        29.236607885075337,
        29.170420772886544,
        29.18097110355401,
        29.135422882583093,
        29.220263376754883,
        29.24904845558777,
        29.30674370591864,
        29.184533084986832,
        29.179741082955367,
        29.19453637304025,
        29.129954195941174,
        29.224032668266066,
        29.252115268869236,
        29.27057709952963,
        29.17778818493553,
        29.199939325501546,
        29.131337661875257,
        29.134155053236167,
        29.22762868530326,
        29.2729618968414,
        29.29040954645956,
        29.199968648468825,
        29.165916888837895,
        29.138148189693034,
        29.169846752040407
    ],
    "S0_log__": 32.04165172335917,
    "Y_XS_logodds__": 29.902337257311842,
    "mu_max_logodds__": 28.901671098795443,
    "K_S_log__": -162.1467090784275,
    "X0_mu": 1246304881113.0645,
    "F_offset": [
        4605233104461.937,
        4961319476338.867,
        5226467231353.772,
        4980781314272.882,
        4661790757093.563,
        4711234556671.504,
        4501459901213.407,
        4900034573099.76,
        5043132111005.859,
        5342654303132.187,
        4728045809598.735,
        4705443203593.713,
        4775579162300.379,
        4476910016579.054,
        4918539084360.602,
        5058622196002.491,
        5152881040529.118,
        4696262919875.561,
        4801451219298.627,
        4483107955407.001,
        4495756434521.84,
        4936258074507.102,
        5165184281919.981,
        5256095393842.449,
        4801592014159.875,
        4640841803306.348,
        4513744493927.787,
        4659115559901.595
    ],
    "X0": [
        5.739524496754382e+24,
        6.183316680122443e+24,
        6.51377162141369e+24,
        6.207572063735037e+24,
        5.810012575293476e+24,
        5.87163462404824e+24,
        5.610191447017003e+24,
        6.106937006077001e+24,
        6.285280166044635e+24,
        6.658576136093362e+24,
        5.892586570629075e+24,
        5.86441683243914e+24,
        5.951827620116802e+24,
        5.579594805966445e+24,
        6.129999268784e+24,
        6.304585534584794e+24,
        6.422060792606406e+24,
        5.852975400031204e+24,
        5.984072091038153e+24,
        5.587319327380556e+24,
        5.603083188640036e+24,
        6.152082532691977e+24,
        6.437394382405351e+24,
        6.550697344941739e+24,
        5.984247564360962e+24,
        5.783903791934257e+24,
        5.62550179487942e+24,
        5.806678463975186e+24
    ],
    "S0": 82321359600513.17,
    "Y_XS": 0.9999999999998967,
    "mu_max": 0.9999999999997193,
    "K_S": 3.806965915127466e-71
}