{
    "K_S": 0.0010045218851312565,
    "S0": 17.0488605437842,
    "X0_A02": 0.24617364802039868,
    "X0_A03": 0.26520831557943336,
    "X0_A04": 0.2793818413567048,
    "X0_A05": 0.26624865198211256,
    "X0_A06": 0.2491969485474249,
    "X0_A07": 0.25183997665001956,
    "X0_A08": 0.2406264308804667,
    "X0_B02": 0.26193231893458785,
    "X0_B03": 0.2695816261748549,
    "X0_B04": 0.28559264429842524,
    "X0_B05": 0.25273862550600923,
    "X0_B06": 0.2515303987238219,
    "X0_B07": 0.2552795302923193,
    "X0_B08": 0.2393141119333401,
    "X0_C02": 0.2629214812502805,
    "X0_C03": 0.2704096517373555,
    "X0_C04": 0.2754482769467562,
    "X0_C05": 0.251039664838805,
    "X0_C06": 0.2566625262251159,
    "X0_C07": 0.23964542398136812,
    "X0_C08": 0.24032155093845772,
    "X0_D02": 0.2638686533791734,
    "X0_D03": 0.2761059491529098,
    "X0_D04": 0.2809656206526789,
    "X0_D05": 0.25667005244231944,
    "X0_D06": 0.24807711807217417,
    "X0_D07": 0.24128310621792476,
    "X0_D08": 0.2490539453514991,
    "Y_XS": 0.6674710079620007,
    "mu_max": 0.4246050447438685
}